1661970557,10.0.2.4,REDDITANDC2
1661970564,10.0.2.4,REDDITANDC2
1661970565,10.0.2.4,REDDITANDC2
1661970565,10.0.2.4,REDDITANDC2
1661970566,10.0.2.4,REDDITANDC2
1661970567,10.0.2.4,REDDITANDC2
1661970568,10.0.2.4,REDDITANDC2
1661970569,10.0.2.4,REDDITANDC2
1661970570,10.0.2.4,REDDITANDC2
1661970571,10.0.2.4,REDDITANDC2
1661970571,10.0.2.4,REDDITANDC2
1661970572,10.0.2.4,REDDITANDC2
1661970573,10.0.2.4,REDDITANDC2
1661970574,10.0.2.4,REDDITANDC2
1661970575,10.0.2.4,REDDITANDC2
1661970575,10.0.2.4,REDDITANDC2
1661970576,10.0.2.4,REDDITANDC2
1661970577,10.0.2.4,REDDITANDC2
1661970578,10.0.2.4,REDDITANDC2
1661970579,10.0.2.4,REDDITANDC2
1661970580,10.0.2.4,REDDITANDC2
1661970581,10.0.2.4,REDDITANDC2
1661970581,10.0.2.4,REDDITANDC2
1661970582,10.0.2.4,REDDITANDC2
1661970583,10.0.2.4,REDDITANDC2
1661970584,10.0.2.4,REDDITANDC2
1661970584,10.0.2.4,REDDITANDC2
1661970586,10.0.2.4,REDDITANDC2
1661970587,10.0.2.4,REDDITANDC2
1661970588,10.0.2.4,REDDITANDC2
1661970589,10.0.2.4,REDDITANDC2
1661970590,10.0.2.4,REDDITANDC2
1661970590,10.0.2.4,REDDITANDC2
1661970591,10.0.2.4,REDDITANDC2
1661970592,10.0.2.4,REDDITANDC2
1661970592,10.0.2.4,REDDITANDC2
1661970593,10.0.2.4,REDDITANDC2
1661970594,10.0.2.4,REDDITANDC2
1661970595,10.0.2.4,REDDITANDC2
1661970596,10.0.2.4,REDDITANDC2
1661970597,10.0.2.4,REDDITANDC2
1661970598,10.0.2.4,REDDITANDC2
1661970599,10.0.2.4,REDDITANDC2
1661970599,10.0.2.4,REDDITANDC2
1661970602,10.0.2.4,REDDITANDC2
1661970603,10.0.2.4,REDDITANDC2
1661970604,10.0.2.4,REDDITANDC2
1661970605,10.0.2.4,REDDITANDC2
1661970605,10.0.2.4,REDDITANDC2
1661970606,10.0.2.4,REDDITANDC2
1661970607,10.0.2.4,REDDITANDC2
1661970609,10.0.2.4,REDDITANDC2
1661970616,10.0.2.4,REDDITANDC2
1661970619,10.0.2.4,REDDITANDC2
1661970621,10.0.2.4,REDDITANDC2
1661970622,10.0.2.4,REDDITANDC2
1661970624,10.0.2.4,REDDITANDC2
1661970625,10.0.2.4,REDDITANDC2
1661970626,10.0.2.4,REDDITANDC2
1661970626,10.0.2.4,REDDITANDC2
1661970627,10.0.2.4,REDDITANDC2
1661970628,10.0.2.4,REDDITANDC2
1661970629,10.0.2.4,REDDITANDC2
1661970630,10.0.2.4,REDDITANDC2
1661970631,10.0.2.4,REDDITANDC2
1661970632,10.0.2.4,REDDITANDC2
1661970633,10.0.2.4,REDDITANDC2
1661970634,10.0.2.4,REDDITANDC2
1661970635,10.0.2.4,REDDITANDC2
1661970635,10.0.2.4,REDDITANDC2
1661970636,10.0.2.4,REDDITANDC2
1661970637,10.0.2.4,REDDITANDC2
1661970638,10.0.2.4,REDDITANDC2
1661970639,10.0.2.4,REDDITANDC2
1661970639,10.0.2.4,REDDITANDC2
1661970640,10.0.2.4,REDDITANDC2
1661970642,10.0.2.4,REDDITANDC2
1661970643,10.0.2.4,REDDITANDC2
1661970645,10.0.2.4,REDDITANDC2
1661970646,10.0.2.4,REDDITANDC2
1661970648,10.0.2.4,REDDITANDC2
1661970649,10.0.2.4,REDDITANDC2
1661970651,10.0.2.4,REDDITANDC2
1661970652,10.0.2.4,REDDITANDC2
1661970653,10.0.2.4,REDDITANDC2
1661970654,10.0.2.4,REDDITANDC2
1661970655,10.0.2.4,REDDITANDC2
1661970657,10.0.2.4,REDDITANDC2
1661970658,10.0.2.4,REDDITANDC2
1661970660,10.0.2.4,REDDITANDC2
1661970661,10.0.2.4,REDDITANDC2
1661970664,10.0.2.4,REDDITANDC2
1661970665,10.0.2.4,REDDITANDC2
1661970666,10.0.2.4,REDDITANDC2
1661970667,10.0.2.4,REDDITANDC2
1661970668,10.0.2.4,REDDITANDC2
1661970669,10.0.2.4,REDDITANDC2
1661970670,10.0.2.4,REDDITANDC2
1661970671,10.0.2.4,REDDITANDC2
1661970672,10.0.2.4,REDDITANDC2
1661970673,10.0.2.4,REDDITANDC2
1661970674,10.0.2.4,REDDITANDC2
1661970675,10.0.2.4,REDDITANDC2
1661970676,10.0.2.4,REDDITANDC2
1661970677,10.0.2.4,REDDITANDC2
1661970678,10.0.2.4,REDDITANDC2
1661970679,10.0.2.4,REDDITANDC2
1661970680,10.0.2.4,REDDITANDC2
1661970681,10.0.2.4,REDDITANDC2
1661970681,10.0.2.4,REDDITANDC2
1661970682,10.0.2.4,REDDITANDC2
1661970683,10.0.2.4,REDDITANDC2
1661970684,10.0.2.4,REDDITANDC2
1661970685,10.0.2.4,REDDITANDC2
1661970685,10.0.2.4,REDDITANDC2
1661970686,10.0.2.4,REDDITANDC2
1661970688,10.0.2.4,REDDITANDC2
1661970692,10.0.2.4,REDDITANDC2
1661970693,10.0.2.4,REDDITANDC2
1661970695,10.0.2.4,REDDITANDC2
1661970696,10.0.2.4,REDDITANDC2
1661970698,10.0.2.4,REDDITANDC2
1661970699,10.0.2.4,REDDITANDC2
1661970699,10.0.2.4,REDDITANDC2
1661970702,10.0.2.4,REDDITANDC2
1661970709,10.0.2.4,REDDITANDC2
1661970714,10.0.2.4,REDDITANDC2
1661970715,10.0.2.4,REDDITANDC2
1661970716,10.0.2.4,REDDITANDC2
1661970716,10.0.2.4,REDDITANDC2
1661970717,10.0.2.4,REDDITANDC2
1661970718,10.0.2.4,REDDITANDC2
1661970718,10.0.2.4,REDDITANDC2
1661970719,10.0.2.4,REDDITANDC2
1661970720,10.0.2.4,REDDITANDC2
1661970721,10.0.2.4,REDDITANDC2
1661970722,10.0.2.4,REDDITANDC2
1661970725,10.0.2.4,REDDITANDC2
1661970728,10.0.2.4,REDDITANDC2
1661970730,10.0.2.4,REDDITANDC2
1661970731,10.0.2.4,REDDITANDC2
1661970732,10.0.2.4,REDDITANDC2
1661970733,10.0.2.4,REDDITANDC2
1661970734,10.0.2.4,REDDITANDC2
1661970735,10.0.2.4,REDDITANDC2
1661970736,10.0.2.4,REDDITANDC2
1661970737,10.0.2.4,REDDITANDC2
1661970738,10.0.2.4,REDDITANDC2
1661970739,10.0.2.4,REDDITANDC2
1661970740,10.0.2.4,REDDITANDC2
1661970741,10.0.2.4,REDDITANDC2
1661970745,10.0.2.4,REDDITANDC2
1661970745,10.0.2.4,REDDITANDC2
1661970746,10.0.2.4,REDDITANDC2
1661970747,10.0.2.4,REDDITANDC2
1661970748,10.0.2.4,REDDITANDC2
1661970749,10.0.2.4,REDDITANDC2
1661970750,10.0.2.4,REDDITANDC2
1661970751,10.0.2.4,REDDITANDC2
1661970752,10.0.2.4,REDDITANDC2
1661970753,10.0.2.4,REDDITANDC2
1661970754,10.0.2.4,REDDITANDC2
1661970755,10.0.2.4,REDDITANDC2
1661970755,10.0.2.4,REDDITANDC2
1661970756,10.0.2.4,REDDITANDC2
1661970757,10.0.2.4,REDDITANDC2
1661970758,10.0.2.4,REDDITANDC2
1661970759,10.0.2.4,REDDITANDC2
1661970760,10.0.2.4,REDDITANDC2
1661970761,10.0.2.4,REDDITANDC2
1661970762,10.0.2.4,REDDITANDC2
1661970763,10.0.2.4,REDDITANDC2
1661970763,10.0.2.4,REDDITANDC2
1661970764,10.0.2.4,REDDITANDC2
1661970765,10.0.2.4,REDDITANDC2
1661970766,10.0.2.4,REDDITANDC2
1661970767,10.0.2.4,REDDITANDC2
1661970768,10.0.2.4,REDDITANDC2
1661970769,10.0.2.4,REDDITANDC2
1661970770,10.0.2.4,REDDITANDC2
1661970771,10.0.2.4,REDDITANDC2
1661970772,10.0.2.4,REDDITANDC2
1661970772,10.0.2.4,REDDITANDC2
1661970773,10.0.2.4,REDDITANDC2
1661970774,10.0.2.4,REDDITANDC2
1661970776,10.0.2.4,REDDITANDC2
1661970777,10.0.2.4,REDDITANDC2
1661970778,10.0.2.4,REDDITANDC2
1661970779,10.0.2.4,REDDITANDC2
1661970780,10.0.2.4,REDDITANDC2
1661970780,10.0.2.4,REDDITANDC2
1661970781,10.0.2.4,REDDITANDC2
1661970782,10.0.2.4,REDDITANDC2
1661970782,10.0.2.4,REDDITANDC2
1661970783,10.0.2.4,REDDITANDC2
1661970784,10.0.2.4,REDDITANDC2
1661970785,10.0.2.4,REDDITANDC2
1661970786,10.0.2.4,REDDITANDC2
1661970787,10.0.2.4,REDDITANDC2
1661970788,10.0.2.4,REDDITANDC2
1661970788,10.0.2.4,REDDITANDC2
1661970789,10.0.2.4,REDDITANDC2
1661970790,10.0.2.4,REDDITANDC2
1661970790,10.0.2.4,REDDITANDC2
1661970791,10.0.2.4,REDDITANDC2
1661970793,10.0.2.4,REDDITANDC2
1661970793,10.0.2.4,REDDITANDC2
1661970794,10.0.2.4,REDDITANDC2
1661970795,10.0.2.4,REDDITANDC2
1661970796,10.0.2.4,REDDITANDC2
1661970797,10.0.2.4,REDDITANDC2
1661970798,10.0.2.4,REDDITANDC2
1661970799,10.0.2.4,REDDITANDC2
1661970800,10.0.2.4,REDDITANDC2
1661970800,10.0.2.4,REDDITANDC2
1661970801,10.0.2.4,REDDITANDC2
1661970802,10.0.2.4,REDDITANDC2
1661970803,10.0.2.4,REDDITANDC2
1661970804,10.0.2.4,REDDITANDC2
1661970805,10.0.2.4,REDDITANDC2
1661970806,10.0.2.4,REDDITANDC2
1661970806,10.0.2.4,REDDITANDC2
1661970807,10.0.2.4,REDDITANDC2
1661970808,10.0.2.4,REDDITANDC2
1661970811,10.0.2.4,REDDITANDC2
1661970811,10.0.2.4,REDDITANDC2
1661970812,10.0.2.4,REDDITANDC2
1661970814,10.0.2.4,REDDITANDC2
1661970815,10.0.2.4,REDDITANDC2
1661970816,10.0.2.4,REDDITANDC2
1661970817,10.0.2.4,REDDITANDC2
1661970818,10.0.2.4,REDDITANDC2
1661970819,10.0.2.4,REDDITANDC2
1661970819,10.0.2.4,REDDITANDC2
1661970820,10.0.2.4,REDDITANDC2
1661970821,10.0.2.4,REDDITANDC2
1661970822,10.0.2.4,REDDITANDC2
1661970823,10.0.2.4,REDDITANDC2
1661970824,10.0.2.4,REDDITANDC2
1661970826,10.0.2.4,REDDITANDC2
1661970827,10.0.2.4,REDDITANDC2
1661970828,10.0.2.4,REDDITANDC2
1661970829,10.0.2.4,REDDITANDC2
1661970830,10.0.2.4,REDDITANDC2
1661970831,10.0.2.4,REDDITANDC2
1661970831,10.0.2.4,REDDITANDC2
1661970832,10.0.2.4,REDDITANDC2
1661970833,10.0.2.4,REDDITANDC2
1661970834,10.0.2.4,REDDITANDC2
1661970835,10.0.2.4,REDDITANDC2
1661970836,10.0.2.4,REDDITANDC2
1661970837,10.0.2.4,REDDITANDC2
1661970838,10.0.2.4,REDDITANDC2
1661970839,10.0.2.4,REDDITANDC2
1661970840,10.0.2.4,REDDITANDC2
1661970840,10.0.2.4,REDDITANDC2
1661970841,10.0.2.4,REDDITANDC2
1661970842,10.0.2.4,REDDITANDC2
1661970843,10.0.2.4,REDDITANDC2
1661970844,10.0.2.4,REDDITANDC2
1661970845,10.0.2.4,REDDITANDC2
1661970845,10.0.2.4,REDDITANDC2
1661970846,10.0.2.4,REDDITANDC2
1661970847,10.0.2.4,REDDITANDC2
1661970847,10.0.2.4,REDDITANDC2
1661970848,10.0.2.4,REDDITANDC2
1661970849,10.0.2.4,REDDITANDC2
1661970850,10.0.2.4,REDDITANDC2
1661970851,10.0.2.4,REDDITANDC2
1661970852,10.0.2.4,REDDITANDC2
1661970853,10.0.2.4,REDDITANDC2
1661970854,10.0.2.4,REDDITANDC2
1661970856,10.0.2.4,REDDITANDC2
1661970856,10.0.2.4,REDDITANDC2
1661970857,10.0.2.4,REDDITANDC2
1661970857,10.0.2.4,REDDITANDC2
1661970858,10.0.2.4,REDDITANDC2
1661970859,10.0.2.4,REDDITANDC2
1661970859,10.0.2.4,REDDITANDC2
1661970860,10.0.2.4,REDDITANDC2
1661970861,10.0.2.4,REDDITANDC2
1661970862,10.0.2.4,REDDITANDC2
1661970863,10.0.2.4,REDDITANDC2
1661970864,10.0.2.4,REDDITANDC2
1661970865,10.0.2.4,REDDITANDC2
1661970865,10.0.2.4,REDDITANDC2
1661970866,10.0.2.4,REDDITANDC2
1661970867,10.0.2.4,REDDITANDC2
1661970868,10.0.2.4,REDDITANDC2
1661970869,10.0.2.4,REDDITANDC2
1661970870,10.0.2.4,REDDITANDC2
1661970871,10.0.2.4,REDDITANDC2
1661970872,10.0.2.4,REDDITANDC2
1661970873,10.0.2.4,REDDITANDC2
1661970873,10.0.2.4,REDDITANDC2
1661970874,10.0.2.4,REDDITANDC2
1661970875,10.0.2.4,REDDITANDC2
1661970876,10.0.2.4,REDDITANDC2
1661970877,10.0.2.4,REDDITANDC2
1661970877,10.0.2.4,REDDITANDC2
1661970878,10.0.2.4,REDDITANDC2
1661970879,10.0.2.4,REDDITANDC2
1661970879,10.0.2.4,REDDITANDC2
1661970880,10.0.2.4,REDDITANDC2
1661970881,10.0.2.4,REDDITANDC2
1661970882,10.0.2.4,REDDITANDC2
1661970883,10.0.2.4,REDDITANDC2
1661970884,10.0.2.4,REDDITANDC2
1661970884,10.0.2.4,REDDITANDC2
1661970885,10.0.2.4,REDDITANDC2
1661970886,10.0.2.4,REDDITANDC2
1661970887,10.0.2.4,REDDITANDC2
1661970887,10.0.2.4,REDDITANDC2
1661970888,10.0.2.4,REDDITANDC2
1661970889,10.0.2.4,REDDITANDC2
1661970890,10.0.2.4,REDDITANDC2
1661970891,10.0.2.4,REDDITANDC2
1661970893,10.0.2.4,REDDITANDC2
1661970894,10.0.2.4,REDDITANDC2
1661970894,10.0.2.4,REDDITANDC2
1661970895,10.0.2.4,REDDITANDC2
1661970896,10.0.2.4,REDDITANDC2
1661970897,10.0.2.4,REDDITANDC2
1661970897,10.0.2.4,REDDITANDC2
1661970898,10.0.2.4,REDDITANDC2
1661970899,10.0.2.4,REDDITANDC2
1661970900,10.0.2.4,REDDITANDC2
1661970901,10.0.2.4,REDDITANDC2
1661970902,10.0.2.4,REDDITANDC2
1661970903,10.0.2.4,REDDITANDC2
1661970904,10.0.2.4,REDDITANDC2
1661970905,10.0.2.4,REDDITANDC2
1661970906,10.0.2.4,REDDITANDC2
1661970907,10.0.2.4,REDDITANDC2
1661970907,10.0.2.4,REDDITANDC2
1661970908,10.0.2.4,REDDITANDC2
1661970909,10.0.2.4,REDDITANDC2
1661970910,10.0.2.4,REDDITANDC2
1661970911,10.0.2.4,REDDITANDC2
1661970912,10.0.2.4,REDDITANDC2
1661970913,10.0.2.4,REDDITANDC2
1661970913,10.0.2.4,REDDITANDC2
1661970914,10.0.2.4,REDDITANDC2
1661970915,10.0.2.4,REDDITANDC2
1661970916,10.0.2.4,REDDITANDC2
1661970917,10.0.2.4,REDDITANDC2
1661970918,10.0.2.4,REDDITANDC2
1661970919,10.0.2.4,REDDITANDC2
1661970920,10.0.2.4,REDDITANDC2
1661970921,10.0.2.4,REDDITANDC2
1661970922,10.0.2.4,REDDITANDC2
1661970923,10.0.2.4,REDDITANDC2
1661970924,10.0.2.4,REDDITANDC2
1661970925,10.0.2.4,REDDITANDC2
1661970926,10.0.2.4,REDDITANDC2
1661970926,10.0.2.4,REDDITANDC2
1661970927,10.0.2.4,REDDITANDC2
1661970928,10.0.2.4,REDDITANDC2
1661970929,10.0.2.4,REDDITANDC2
1661970930,10.0.2.4,REDDITANDC2
1661970933,10.0.2.4,REDDITANDC2
1661970934,10.0.2.4,REDDITANDC2
1661970941,10.0.2.4,REDDITANDC2
1661970942,10.0.2.4,REDDITANDC2
1661970942,10.0.2.4,REDDITANDC2
1661970947,10.0.2.4,REDDITANDC2
1661970948,10.0.2.4,REDDITANDC2
1661970948,10.0.2.4,REDDITANDC2
1661970949,10.0.2.4,REDDITANDC2
1661970950,10.0.2.4,REDDITANDC2
1661970951,10.0.2.4,REDDITANDC2
1661970953,10.0.2.4,REDDITANDC2
1661970953,10.0.2.4,REDDITANDC2
1661970954,10.0.2.4,REDDITANDC2
1661970955,10.0.2.4,REDDITANDC2
1661970957,10.0.2.4,REDDITANDC2
1661970958,10.0.2.4,REDDITANDC2
1661970960,10.0.2.4,REDDITANDC2
1661970961,10.0.2.4,REDDITANDC2
1661970963,10.0.2.4,REDDITANDC2
1661970963,10.0.2.4,REDDITANDC2
1661970964,10.0.2.4,REDDITANDC2
1661970969,10.0.2.4,REDDITANDC2
1661970973,10.0.2.4,REDDITANDC2
1661970973,10.0.2.4,REDDITANDC2
1661970981,10.0.2.4,REDDITANDC2
1661970983,10.0.2.4,REDDITANDC2
1661970987,10.0.2.4,REDDITANDC2
1661970988,10.0.2.4,REDDITANDC2
1661970989,10.0.2.4,REDDITANDC2
1661970991,10.0.2.4,REDDITANDC2
1661970995,10.0.2.4,REDDITANDC2
1661970996,10.0.2.4,REDDITANDC2
1661970998,10.0.2.4,REDDITANDC2
1661971000,10.0.2.4,REDDITANDC2
1661971001,10.0.2.4,REDDITANDC2
1661971002,10.0.2.4,REDDITANDC2
1661971003,10.0.2.4,REDDITANDC2
1661971004,10.0.2.4,REDDITANDC2
1661971005,10.0.2.4,REDDITANDC2
1661971005,10.0.2.4,REDDITANDC2
1661971007,10.0.2.4,REDDITANDC2
1661971008,10.0.2.4,REDDITANDC2
1661971009,10.0.2.4,REDDITANDC2
1661971010,10.0.2.4,REDDITANDC2
1661971011,10.0.2.4,REDDITANDC2
1661971012,10.0.2.4,REDDITANDC2
1661971012,10.0.2.4,REDDITANDC2
1661971013,10.0.2.4,REDDITANDC2
1661971014,10.0.2.4,REDDITANDC2
1661971015,10.0.2.4,REDDITANDC2
1661971016,10.0.2.4,REDDITANDC2
1661971017,10.0.2.4,REDDITANDC2
1661971018,10.0.2.4,REDDITANDC2
1661971019,10.0.2.4,REDDITANDC2
1661971019,10.0.2.4,REDDITANDC2
1661971020,10.0.2.4,REDDITANDC2
1661971023,10.0.2.4,REDDITANDC2
1661971025,10.0.2.4,REDDITANDC2
1661971026,10.0.2.4,REDDITANDC2
1661971026,10.0.2.4,REDDITANDC2
1661971027,10.0.2.4,REDDITANDC2
1661971027,10.0.2.4,REDDITANDC2
1661971028,10.0.2.4,REDDITANDC2
1661971029,10.0.2.4,REDDITANDC2
1661971029,10.0.2.4,REDDITANDC2
1661971030,10.0.2.4,REDDITANDC2
1661971031,10.0.2.4,REDDITANDC2
1661971035,10.0.2.4,REDDITANDC2
1661971035,10.0.2.4,REDDITANDC2
1661971036,10.0.2.4,REDDITANDC2
1661971037,10.0.2.4,REDDITANDC2
1661971037,10.0.2.4,REDDITANDC2
1661971038,10.0.2.4,REDDITANDC2
1661971039,10.0.2.4,REDDITANDC2
1661971040,10.0.2.4,REDDITANDC2
1661971041,10.0.2.4,REDDITANDC2
1661971042,10.0.2.4,REDDITANDC2
1661971042,10.0.2.4,REDDITANDC2
1661971043,10.0.2.4,REDDITANDC2
1661971045,10.0.2.4,REDDITANDC2
1661971046,10.0.2.4,REDDITANDC2
1661971047,10.0.2.4,REDDITANDC2
1661971048,10.0.2.4,REDDITANDC2
1661971048,10.0.2.4,REDDITANDC2
1661971050,10.0.2.4,REDDITANDC2
1661971051,10.0.2.4,REDDITANDC2
1661971052,10.0.2.4,REDDITANDC2
1661971055,10.0.2.4,REDDITANDC2
1661971057,10.0.2.4,REDDITANDC2
1661971061,10.0.2.4,REDDITANDC2
1661971062,10.0.2.4,REDDITANDC2
1661971063,10.0.2.4,REDDITANDC2
1661971065,10.0.2.4,REDDITANDC2
1661971070,10.0.2.4,REDDITANDC2
1661971071,10.0.2.4,REDDITANDC2
1661971073,10.0.2.4,REDDITANDC2
1661971074,10.0.2.4,REDDITANDC2
1661971075,10.0.2.4,REDDITANDC2
1661971076,10.0.2.4,REDDITANDC2
1661971076,10.0.2.4,REDDITANDC2
1661971077,10.0.2.4,REDDITANDC2
1661971078,10.0.2.4,REDDITANDC2
1661971080,10.0.2.4,REDDITANDC2
1661971081,10.0.2.4,REDDITANDC2
1661971082,10.0.2.4,REDDITANDC2
1661971083,10.0.2.4,REDDITANDC2
1661971084,10.0.2.4,REDDITANDC2
1661971085,10.0.2.4,REDDITANDC2
1661971086,10.0.2.4,REDDITANDC2
1661971087,10.0.2.4,REDDITANDC2
1661971090,10.0.2.4,REDDITANDC2
1661971092,10.0.2.4,REDDITANDC2
1661971093,10.0.2.4,REDDITANDC2
1661971095,10.0.2.4,REDDITANDC2
1661971095,10.0.2.4,REDDITANDC2
1661971097,10.0.2.4,REDDITANDC2
1661971099,10.0.2.4,REDDITANDC2
1661971101,10.0.2.4,REDDITANDC2
1661971102,10.0.2.4,REDDITANDC2
1661971105,10.0.2.4,REDDITANDC2
1661971106,10.0.2.4,REDDITANDC2
1661971107,10.0.2.4,REDDITANDC2
1661971108,10.0.2.4,REDDITANDC2
1661971109,10.0.2.4,REDDITANDC2
1661971111,10.0.2.4,REDDITANDC2
1661971112,10.0.2.4,REDDITANDC2
1661971112,10.0.2.4,REDDITANDC2
1661971115,10.0.2.4,REDDITANDC2
1661971116,10.0.2.4,REDDITANDC2
1661971117,10.0.2.4,REDDITANDC2
1661971118,10.0.2.4,REDDITANDC2
1661971119,10.0.2.4,REDDITANDC2
1661971121,10.0.2.4,REDDITANDC2
1661971122,10.0.2.4,REDDITANDC2
1661971123,10.0.2.4,REDDITANDC2
1661971124,10.0.2.4,REDDITANDC2
1661971126,10.0.2.4,REDDITANDC2
1661971127,10.0.2.4,REDDITANDC2
1661971127,10.0.2.4,REDDITANDC2
1661971128,10.0.2.4,REDDITANDC2
1661971128,10.0.2.4,REDDITANDC2
1661971129,10.0.2.4,REDDITANDC2
1661971130,10.0.2.4,REDDITANDC2
1661971133,10.0.2.4,REDDITANDC2
1661971134,10.0.2.4,REDDITANDC2
1661971135,10.0.2.4,REDDITANDC2
1661971137,10.0.2.4,REDDITANDC2
1661971137,10.0.2.4,REDDITANDC2
1661971138,10.0.2.4,REDDITANDC2
1661971140,10.0.2.4,REDDITANDC2
1661971141,10.0.2.4,REDDITANDC2
1661971142,10.0.2.4,REDDITANDC2
1661971143,10.0.2.4,REDDITANDC2
1661971144,10.0.2.4,REDDITANDC2
1661971144,10.0.2.4,REDDITANDC2
1661971145,10.0.2.4,REDDITANDC2
1661971146,10.0.2.4,REDDITANDC2
1661971146,10.0.2.4,REDDITANDC2
1661971147,10.0.2.4,REDDITANDC2
1661971148,10.0.2.4,REDDITANDC2
1661971152,10.0.2.4,REDDITANDC2
1661971153,10.0.2.4,REDDITANDC2
1661971153,10.0.2.4,REDDITANDC2
1661971155,10.0.2.4,REDDITANDC2
1661971156,10.0.2.4,REDDITANDC2
1661971157,10.0.2.4,REDDITANDC2
1661971158,10.0.2.4,REDDITANDC2
1661971158,10.0.2.4,REDDITANDC2
1661971159,10.0.2.4,REDDITANDC2
1661971160,10.0.2.4,REDDITANDC2
1661971161,10.0.2.4,REDDITANDC2
1661971161,10.0.2.4,REDDITANDC2
1661971163,10.0.2.4,REDDITANDC2
1661971164,10.0.2.4,REDDITANDC2
1661971165,10.0.2.4,REDDITANDC2
1661971166,10.0.2.4,REDDITANDC2
1661971167,10.0.2.4,REDDITANDC2
1661971169,10.0.2.4,REDDITANDC2
1661971175,10.0.2.4,REDDITANDC2
1661971175,10.0.2.4,REDDITANDC2
1661971179,10.0.2.4,REDDITANDC2
1661971180,10.0.2.4,REDDITANDC2
1661971182,10.0.2.4,REDDITANDC2
1661971184,10.0.2.4,REDDITANDC2
1661971184,10.0.2.4,REDDITANDC2
1661971185,10.0.2.4,REDDITANDC2
1661971185,10.0.2.4,REDDITANDC2
1661971186,10.0.2.4,REDDITANDC2
1661971188,10.0.2.4,REDDITANDC2
1661971190,10.0.2.4,REDDITANDC2
1661971191,10.0.2.4,REDDITANDC2
1661971193,10.0.2.4,REDDITANDC2
1661971194,10.0.2.4,REDDITANDC2
1661971194,10.0.2.4,REDDITANDC2
1661971195,10.0.2.4,REDDITANDC2
1661971198,10.0.2.4,REDDITANDC2
1661971199,10.0.2.4,REDDITANDC2
1661971200,10.0.2.4,REDDITANDC2
1661971202,10.0.2.4,REDDITANDC2
1661971203,10.0.2.4,REDDITANDC2
1661971203,10.0.2.4,REDDITANDC2
1661971204,10.0.2.4,REDDITANDC2
1661971205,10.0.2.4,REDDITANDC2
1661971205,10.0.2.4,REDDITANDC2
1661971206,10.0.2.4,REDDITANDC2
1661971207,10.0.2.4,REDDITANDC2
1661971208,10.0.2.4,REDDITANDC2
1661971209,10.0.2.4,REDDITANDC2
1661971209,10.0.2.4,REDDITANDC2
1661971210,10.0.2.4,REDDITANDC2
1661971216,10.0.2.4,REDDITANDC2
1661971218,10.0.2.4,REDDITANDC2
1661971220,10.0.2.4,REDDITANDC2
1661971221,10.0.2.4,REDDITANDC2
1661971223,10.0.2.4,REDDITANDC2
1661971224,10.0.2.4,REDDITANDC2
1661971225,10.0.2.4,REDDITANDC2
1661971227,10.0.2.4,REDDITANDC2
1661971230,10.0.2.4,REDDITANDC2
1661971232,10.0.2.4,REDDITANDC2
1661971233,10.0.2.4,REDDITANDC2
1661971236,10.0.2.4,REDDITANDC2
1661971237,10.0.2.4,REDDITANDC2
1661971239,10.0.2.4,REDDITANDC2
1661971243,10.0.2.4,REDDITANDC2
1661971244,10.0.2.4,REDDITANDC2
1661971247,10.0.2.4,REDDITANDC2
1661971247,10.0.2.4,REDDITANDC2
1661971248,10.0.2.4,REDDITANDC2
1661971250,10.0.2.4,REDDITANDC2
1661971252,10.0.2.4,REDDITANDC2
1661971253,10.0.2.4,REDDITANDC2
1661971253,10.0.2.4,REDDITANDC2
1661971254,10.0.2.4,REDDITANDC2
1661971255,10.0.2.4,REDDITANDC2
1661971262,10.0.2.4,REDDITANDC2
1661971265,10.0.2.4,REDDITANDC2
1661971265,10.0.2.4,REDDITANDC2
1661971270,10.0.2.4,REDDITANDC2
1661971272,10.0.2.4,REDDITANDC2
1661971275,10.0.2.4,REDDITANDC2
1661971275,10.0.2.4,REDDITANDC2
1661971276,10.0.2.4,REDDITANDC2
1661971281,10.0.2.4,REDDITANDC2
1661971281,10.0.2.4,REDDITANDC2
1661971282,10.0.2.4,REDDITANDC2
1661971288,10.0.2.4,REDDITANDC2
1661971288,10.0.2.4,REDDITANDC2
1661971291,10.0.2.4,REDDITANDC2
1661971293,10.0.2.4,REDDITANDC2
1661971293,10.0.2.4,REDDITANDC2
1661971298,10.0.2.4,REDDITANDC2
1661971300,10.0.2.4,REDDITANDC2
1661971305,10.0.2.4,REDDITANDC2
1661971307,10.0.2.4,REDDITANDC2
1661971308,10.0.2.4,REDDITANDC2
1661971310,10.0.2.4,REDDITANDC2
1661971315,10.0.2.4,REDDITANDC2
1661971316,10.0.2.4,REDDITANDC2
1661971316,10.0.2.4,REDDITANDC2
1661971317,10.0.2.4,REDDITANDC2
1661971318,10.0.2.4,REDDITANDC2
1661971319,10.0.2.4,REDDITANDC2
1661971320,10.0.2.4,REDDITANDC2
1661971321,10.0.2.4,REDDITANDC2
1661971322,10.0.2.4,REDDITANDC2
1661971323,10.0.2.4,REDDITANDC2
1661971324,10.0.2.4,REDDITANDC2
1661971326,10.0.2.4,REDDITANDC2
1661971327,10.0.2.4,REDDITANDC2
1661971328,10.0.2.4,REDDITANDC2
1661971329,10.0.2.4,REDDITANDC2
1661971330,10.0.2.4,REDDITANDC2
1661971331,10.0.2.4,REDDITANDC2
1661971331,10.0.2.4,REDDITANDC2
1661971332,10.0.2.4,REDDITANDC2
1661971333,10.0.2.4,REDDITANDC2
1661971334,10.0.2.4,REDDITANDC2
1661971335,10.0.2.4,REDDITANDC2
1661971338,10.0.2.4,REDDITANDC2
1661971341,10.0.2.4,REDDITANDC2
1661971344,10.0.2.4,REDDITANDC2
1661971344,10.0.2.4,REDDITANDC2
1661971348,10.0.2.4,REDDITANDC2
1661971351,10.0.2.4,REDDITANDC2
1661971352,10.0.2.4,REDDITANDC2
1661971353,10.0.2.4,REDDITANDC2
1661971353,10.0.2.4,REDDITANDC2
1661971354,10.0.2.4,REDDITANDC2
1661971355,10.0.2.4,REDDITANDC2
1661971356,10.0.2.4,REDDITANDC2
1661971357,10.0.2.4,REDDITANDC2
1661971358,10.0.2.4,REDDITANDC2
1661971359,10.0.2.4,REDDITANDC2
1661971359,10.0.2.4,REDDITANDC2
1661971360,10.0.2.4,REDDITANDC2
1661971361,10.0.2.4,REDDITANDC2
1661971362,10.0.2.4,REDDITANDC2
1661971363,10.0.2.4,REDDITANDC2
1661971363,10.0.2.4,REDDITANDC2
1661971364,10.0.2.4,REDDITANDC2
1661971365,10.0.2.4,REDDITANDC2
1661971370,10.0.2.4,REDDITANDC2
1661971372,10.0.2.4,REDDITANDC2
1661971373,10.0.2.4,REDDITANDC2
1661971374,10.0.2.4,REDDITANDC2
1661971378,10.0.2.4,REDDITANDC2
1661971379,10.0.2.4,REDDITANDC2
1661971382,10.0.2.4,REDDITANDC2
1661971386,10.0.2.4,REDDITANDC2
1661971387,10.0.2.4,REDDITANDC2
1661971388,10.0.2.4,REDDITANDC2
1661971391,10.0.2.4,REDDITANDC2
1661971392,10.0.2.4,REDDITANDC2
1661971395,10.0.2.4,REDDITANDC2
1661971396,10.0.2.4,REDDITANDC2
1661971397,10.0.2.4,REDDITANDC2
1661971400,10.0.2.4,REDDITANDC2
1661971401,10.0.2.4,REDDITANDC2
1661971402,10.0.2.4,REDDITANDC2
1661971403,10.0.2.4,REDDITANDC2
1661971404,10.0.2.4,REDDITANDC2
1661971405,10.0.2.4,REDDITANDC2
1661971406,10.0.2.4,REDDITANDC2
1661971406,10.0.2.4,REDDITANDC2
1661971407,10.0.2.4,REDDITANDC2
1661971408,10.0.2.4,REDDITANDC2
1661971409,10.0.2.4,REDDITANDC2
1661971410,10.0.2.4,REDDITANDC2
1661971413,10.0.2.4,REDDITANDC2
1661971414,10.0.2.4,REDDITANDC2
1661971414,10.0.2.4,REDDITANDC2
1661971415,10.0.2.4,REDDITANDC2
1661971416,10.0.2.4,REDDITANDC2
1661971417,10.0.2.4,REDDITANDC2
1661971417,10.0.2.4,REDDITANDC2
1661971418,10.0.2.4,REDDITANDC2
1661971419,10.0.2.4,REDDITANDC2
1661971420,10.0.2.4,REDDITANDC2
1661971423,10.0.2.4,REDDITANDC2
1661971424,10.0.2.4,REDDITANDC2
1661971425,10.0.2.4,REDDITANDC2
1661971425,10.0.2.4,REDDITANDC2
1661971428,10.0.2.4,REDDITANDC2
1661971429,10.0.2.4,REDDITANDC2
1661971430,10.0.2.4,REDDITANDC2
1661971431,10.0.2.4,REDDITANDC2
1661971432,10.0.2.4,REDDITANDC2
1661971432,10.0.2.4,REDDITANDC2
1661971433,10.0.2.4,REDDITANDC2
1661971434,10.0.2.4,REDDITANDC2
1661971435,10.0.2.4,REDDITANDC2
1661971436,10.0.2.4,REDDITANDC2
1661971437,10.0.2.4,REDDITANDC2
1661971438,10.0.2.4,REDDITANDC2
1661971438,10.0.2.4,REDDITANDC2
1661971439,10.0.2.4,REDDITANDC2
1661971440,10.0.2.4,REDDITANDC2
1661971441,10.0.2.4,REDDITANDC2
1661971443,10.0.2.4,REDDITANDC2
1661971444,10.0.2.4,REDDITANDC2
1661971444,10.0.2.4,REDDITANDC2
1661971445,10.0.2.4,REDDITANDC2
1661971450,10.0.2.4,REDDITANDC2
1661971455,10.0.2.4,REDDITANDC2
