1662227425,10.0.2.4,81.31.201.152
1662227426,10.0.2.4,81.31.201.152
1662227427,10.0.2.4,81.31.201.152
1662227428,10.0.2.4,81.31.201.152
1662227429,10.0.2.4,81.31.201.152
1662227430,10.0.2.4,81.31.201.152
1662227431,10.0.2.4,81.31.201.152
1662227432,10.0.2.4,81.31.201.152
1662227433,10.0.2.4,81.31.201.152
1662227434,10.0.2.4,81.31.201.152
1662227435,10.0.2.4,81.31.201.152
1662227436,10.0.2.4,81.31.201.152
1662227437,10.0.2.4,81.31.201.152
1662227438,10.0.2.4,81.31.201.152
1662227439,10.0.2.4,81.31.201.152
1662227440,10.0.2.4,81.31.201.152
1662227441,10.0.2.4,81.31.201.152
1662227442,10.0.2.4,81.31.201.152
1662227443,10.0.2.4,81.31.201.152
1662227444,10.0.2.4,81.31.201.152
1662227445,10.0.2.4,81.31.201.152
1662227446,10.0.2.4,81.31.201.152
1662227447,10.0.2.4,81.31.201.152
1662227448,10.0.2.4,81.31.201.152
1662227449,10.0.2.4,81.31.201.152
1662227450,10.0.2.4,81.31.201.152
1662227451,10.0.2.4,81.31.201.152
1662227452,10.0.2.4,81.31.201.152
1662227453,10.0.2.4,81.31.201.152
1662227454,10.0.2.4,81.31.201.152
1662227455,10.0.2.4,81.31.201.152
1662227456,10.0.2.4,81.31.201.152
1662227457,10.0.2.4,81.31.201.152
1662227458,10.0.2.4,81.31.201.152
1662227459,10.0.2.4,81.31.201.152
1662227460,10.0.2.4,81.31.201.152
1662227461,10.0.2.4,81.31.201.152
1662227462,10.0.2.4,81.31.201.152
1662227463,10.0.2.4,81.31.201.152
1662227464,10.0.2.4,81.31.201.152
1662227465,10.0.2.4,81.31.201.152
1662227466,10.0.2.4,81.31.201.152
1662227467,10.0.2.4,81.31.201.152
1662227468,10.0.2.4,81.31.201.152
1662227469,10.0.2.4,81.31.201.152
1662227470,10.0.2.4,81.31.201.152
1662227471,10.0.2.4,81.31.201.152
1662227472,10.0.2.4,81.31.201.152
1662227473,10.0.2.4,81.31.201.152
1662227474,10.0.2.4,81.31.201.152
1662227475,10.0.2.4,81.31.201.152
1662227476,10.0.2.4,81.31.201.152
1662227477,10.0.2.4,81.31.201.152
1662227478,10.0.2.4,81.31.201.152
1662227479,10.0.2.4,81.31.201.152
1662227480,10.0.2.4,81.31.201.152
1662227481,10.0.2.4,81.31.201.152
1662227482,10.0.2.4,81.31.201.152
1662227483,10.0.2.4,81.31.201.152
1662227484,10.0.2.4,81.31.201.152
1662227485,10.0.2.4,81.31.201.152
1662227486,10.0.2.4,81.31.201.152
1662227487,10.0.2.4,81.31.201.152
1662227488,10.0.2.4,81.31.201.152
1662227489,10.0.2.4,81.31.201.152
1662227490,10.0.2.4,81.31.201.152
1662227491,10.0.2.4,81.31.201.152
1662227492,10.0.2.4,81.31.201.152
1662227493,10.0.2.4,81.31.201.152
1662227494,10.0.2.4,81.31.201.152
1662227495,10.0.2.4,81.31.201.152
1662227496,10.0.2.4,81.31.201.152
1662227497,10.0.2.4,81.31.201.152
1662227498,10.0.2.4,81.31.201.152
1662227499,10.0.2.4,81.31.201.152
1662227500,10.0.2.4,81.31.201.152
1662227501,10.0.2.4,81.31.201.152
1662227502,10.0.2.4,81.31.201.152
1662227503,10.0.2.4,81.31.201.152
1662227504,10.0.2.4,81.31.201.152
1662227505,10.0.2.4,81.31.201.152
1662227506,10.0.2.4,81.31.201.152
1662227507,10.0.2.4,81.31.201.152
1662227508,10.0.2.4,81.31.201.152
1662227509,10.0.2.4,81.31.201.152
1662227510,10.0.2.4,81.31.201.152
1662227511,10.0.2.4,81.31.201.152
1662227512,10.0.2.4,81.31.201.152
1662227513,10.0.2.4,81.31.201.152
1662227514,10.0.2.4,81.31.201.152
1662227515,10.0.2.4,81.31.201.152
1662227516,10.0.2.4,81.31.201.152
1662227517,10.0.2.4,81.31.201.152
1662227518,10.0.2.4,81.31.201.152
1662227519,10.0.2.4,81.31.201.152
1662227520,10.0.2.4,81.31.201.152
1662227521,10.0.2.4,81.31.201.152
1662227522,10.0.2.4,81.31.201.152
1662227523,10.0.2.4,81.31.201.152
1662227524,10.0.2.4,81.31.201.152
1662227525,10.0.2.4,81.31.201.152
1662227526,10.0.2.4,81.31.201.152
1662227527,10.0.2.4,81.31.201.152
1662227528,10.0.2.4,81.31.201.152
1662227529,10.0.2.4,81.31.201.152
1662227530,10.0.2.4,81.31.201.152
1662227531,10.0.2.4,81.31.201.152
1662227532,10.0.2.4,81.31.201.152
1662227533,10.0.2.4,81.31.201.152
1662227534,10.0.2.4,81.31.201.152
1662227535,10.0.2.4,81.31.201.152
1662227536,10.0.2.4,81.31.201.152
1662227537,10.0.2.4,81.31.201.152
1662227538,10.0.2.4,81.31.201.152
1662227539,10.0.2.4,81.31.201.152
1662227540,10.0.2.4,81.31.201.152
1662227541,10.0.2.4,81.31.201.152
1662227542,10.0.2.4,81.31.201.152
1662227543,10.0.2.4,81.31.201.152
1662227544,10.0.2.4,81.31.201.152
1662227545,10.0.2.4,81.31.201.152
1662227546,10.0.2.4,81.31.201.152
1662227547,10.0.2.4,81.31.201.152
1662227548,10.0.2.4,81.31.201.152
1662227549,10.0.2.4,81.31.201.152
1662227550,10.0.2.4,81.31.201.152
1662227551,10.0.2.4,81.31.201.152
1662227552,10.0.2.4,81.31.201.152
1662227553,10.0.2.4,81.31.201.152
1662227554,10.0.2.4,81.31.201.152
1662227555,10.0.2.4,81.31.201.152
1662227556,10.0.2.4,81.31.201.152
1662227557,10.0.2.4,81.31.201.152
1662227558,10.0.2.4,81.31.201.152
1662227559,10.0.2.4,81.31.201.152
1662227560,10.0.2.4,81.31.201.152
1662227561,10.0.2.4,81.31.201.152
1662227562,10.0.2.4,81.31.201.152
1662227563,10.0.2.4,81.31.201.152
1662227564,10.0.2.4,81.31.201.152
1662227565,10.0.2.4,81.31.201.152
1662227566,10.0.2.4,81.31.201.152
1662227567,10.0.2.4,81.31.201.152
1662227568,10.0.2.4,81.31.201.152
1662227569,10.0.2.4,81.31.201.152
1662227570,10.0.2.4,81.31.201.152
1662227571,10.0.2.4,81.31.201.152
1662227572,10.0.2.4,81.31.201.152
1662227573,10.0.2.4,81.31.201.152
1662227574,10.0.2.4,81.31.201.152
1662227575,10.0.2.4,81.31.201.152
1662227576,10.0.2.4,81.31.201.152
1662227577,10.0.2.4,81.31.201.152
1662227578,10.0.2.4,81.31.201.152
1662227579,10.0.2.4,81.31.201.152
1662227580,10.0.2.4,81.31.201.152
1662227581,10.0.2.4,81.31.201.152
1662227582,10.0.2.4,81.31.201.152
1662227583,10.0.2.4,81.31.201.152
1662227584,10.0.2.4,81.31.201.152
1662227585,10.0.2.4,81.31.201.152
1662227586,10.0.2.4,81.31.201.152
1662227587,10.0.2.4,81.31.201.152
1662227588,10.0.2.4,81.31.201.152
1662227589,10.0.2.4,81.31.201.152
1662227590,10.0.2.4,81.31.201.152
1662227591,10.0.2.4,81.31.201.152
1662227592,10.0.2.4,81.31.201.152
1662227593,10.0.2.4,81.31.201.152
1662227594,10.0.2.4,81.31.201.152
1662227595,10.0.2.4,81.31.201.152
1662227596,10.0.2.4,81.31.201.152
1662227597,10.0.2.4,81.31.201.152
1662227598,10.0.2.4,81.31.201.152
1662227599,10.0.2.4,81.31.201.152
1662227600,10.0.2.4,81.31.201.152
1662227601,10.0.2.4,81.31.201.152
1662227602,10.0.2.4,81.31.201.152
1662227603,10.0.2.4,81.31.201.152
1662227604,10.0.2.4,81.31.201.152
1662227605,10.0.2.4,81.31.201.152
1662227606,10.0.2.4,81.31.201.152
1662227607,10.0.2.4,81.31.201.152
1662227608,10.0.2.4,81.31.201.152
1662227609,10.0.2.4,81.31.201.152
1662227610,10.0.2.4,81.31.201.152
1662227611,10.0.2.4,81.31.201.152
1662227612,10.0.2.4,81.31.201.152
1662227613,10.0.2.4,81.31.201.152
1662227614,10.0.2.4,81.31.201.152
1662227615,10.0.2.4,81.31.201.152
1662227616,10.0.2.4,81.31.201.152
1662227617,10.0.2.4,81.31.201.152
1662227618,10.0.2.4,81.31.201.152
1662227619,10.0.2.4,81.31.201.152
1662227620,10.0.2.4,81.31.201.152
1662227621,10.0.2.4,81.31.201.152
1662227622,10.0.2.4,81.31.201.152
1662227623,10.0.2.4,81.31.201.152
1662227624,10.0.2.4,81.31.201.152
1662227625,10.0.2.4,81.31.201.152
1662227626,10.0.2.4,81.31.201.152
1662227627,10.0.2.4,81.31.201.152
1662227628,10.0.2.4,81.31.201.152
1662227629,10.0.2.4,81.31.201.152
1662227630,10.0.2.4,81.31.201.152
1662227631,10.0.2.4,81.31.201.152
1662227632,10.0.2.4,81.31.201.152
1662227633,10.0.2.4,81.31.201.152
1662227634,10.0.2.4,81.31.201.152
1662227635,10.0.2.4,81.31.201.152
1662227636,10.0.2.4,81.31.201.152
1662227637,10.0.2.4,81.31.201.152
1662227638,10.0.2.4,81.31.201.152
1662227639,10.0.2.4,81.31.201.152
1662227640,10.0.2.4,81.31.201.152
1662227641,10.0.2.4,81.31.201.152
1662227642,10.0.2.4,81.31.201.152
1662227643,10.0.2.4,81.31.201.152
1662227644,10.0.2.4,81.31.201.152
1662227645,10.0.2.4,81.31.201.152
1662227646,10.0.2.4,81.31.201.152
1662227647,10.0.2.4,81.31.201.152
1662227648,10.0.2.4,81.31.201.152
1662227649,10.0.2.4,81.31.201.152
1662227650,10.0.2.4,81.31.201.152
1662227651,10.0.2.4,81.31.201.152
1662227652,10.0.2.4,81.31.201.152
1662227653,10.0.2.4,81.31.201.152
1662227654,10.0.2.4,81.31.201.152
1662227655,10.0.2.4,81.31.201.152
1662227656,10.0.2.4,81.31.201.152
1662227657,10.0.2.4,81.31.201.152
1662227658,10.0.2.4,81.31.201.152
1662227659,10.0.2.4,81.31.201.152
1662227660,10.0.2.4,81.31.201.152
1662227661,10.0.2.4,81.31.201.152
1662227662,10.0.2.4,81.31.201.152
1662227663,10.0.2.4,81.31.201.152
1662227664,10.0.2.4,81.31.201.152
1662227665,10.0.2.4,81.31.201.152
1662227666,10.0.2.4,81.31.201.152
1662227667,10.0.2.4,81.31.201.152
1662227668,10.0.2.4,81.31.201.152
1662227669,10.0.2.4,81.31.201.152
1662227670,10.0.2.4,81.31.201.152
1662227671,10.0.2.4,81.31.201.152
1662227672,10.0.2.4,81.31.201.152
1662227673,10.0.2.4,81.31.201.152
1662227674,10.0.2.4,81.31.201.152
1662227675,10.0.2.4,81.31.201.152
1662227676,10.0.2.4,81.31.201.152
1662227677,10.0.2.4,81.31.201.152
1662227678,10.0.2.4,81.31.201.152
1662227679,10.0.2.4,81.31.201.152
1662227680,10.0.2.4,81.31.201.152
1662227681,10.0.2.4,81.31.201.152
1662227682,10.0.2.4,81.31.201.152
1662227683,10.0.2.4,81.31.201.152
1662227684,10.0.2.4,81.31.201.152
1662227685,10.0.2.4,81.31.201.152
1662227686,10.0.2.4,81.31.201.152
1662227687,10.0.2.4,81.31.201.152
1662227688,10.0.2.4,81.31.201.152
1662227689,10.0.2.4,81.31.201.152
1662227690,10.0.2.4,81.31.201.152
1662227691,10.0.2.4,81.31.201.152
1662227692,10.0.2.4,81.31.201.152
1662227693,10.0.2.4,81.31.201.152
1662227694,10.0.2.4,81.31.201.152
1662227695,10.0.2.4,81.31.201.152
1662227696,10.0.2.4,81.31.201.152
1662227697,10.0.2.4,81.31.201.152
1662227698,10.0.2.4,81.31.201.152
1662227699,10.0.2.4,81.31.201.152
1662227700,10.0.2.4,81.31.201.152
1662227701,10.0.2.4,81.31.201.152
1662227702,10.0.2.4,81.31.201.152
1662227703,10.0.2.4,81.31.201.152
1662227704,10.0.2.4,81.31.201.152
1662227705,10.0.2.4,81.31.201.152
1662227706,10.0.2.4,81.31.201.152
1662227707,10.0.2.4,81.31.201.152
1662227708,10.0.2.4,81.31.201.152
1662227709,10.0.2.4,81.31.201.152
1662227710,10.0.2.4,81.31.201.152
1662227711,10.0.2.4,81.31.201.152
1662227712,10.0.2.4,81.31.201.152
1662227713,10.0.2.4,81.31.201.152
1662227714,10.0.2.4,81.31.201.152
1662227715,10.0.2.4,81.31.201.152
1662227716,10.0.2.4,81.31.201.152
1662227717,10.0.2.4,81.31.201.152
1662227718,10.0.2.4,81.31.201.152
1662227719,10.0.2.4,81.31.201.152
1662227720,10.0.2.4,81.31.201.152
1662227721,10.0.2.4,81.31.201.152
1662227722,10.0.2.4,81.31.201.152
1662227723,10.0.2.4,81.31.201.152
1662227724,10.0.2.4,81.31.201.152
1662227725,10.0.2.4,81.31.201.152
1662227726,10.0.2.4,81.31.201.152
1662227727,10.0.2.4,81.31.201.152
1662227728,10.0.2.4,81.31.201.152
1662227729,10.0.2.4,81.31.201.152
1662227730,10.0.2.4,81.31.201.152
1662227731,10.0.2.4,81.31.201.152
1662227732,10.0.2.4,81.31.201.152
1662227733,10.0.2.4,81.31.201.152
1662227734,10.0.2.4,81.31.201.152
1662227735,10.0.2.4,81.31.201.152
1662227736,10.0.2.4,81.31.201.152
1662227737,10.0.2.4,81.31.201.152
1662227738,10.0.2.4,81.31.201.152
1662227739,10.0.2.4,81.31.201.152
1662227740,10.0.2.4,81.31.201.152
1662227741,10.0.2.4,81.31.201.152
1662227742,10.0.2.4,81.31.201.152
1662227743,10.0.2.4,81.31.201.152
1662227744,10.0.2.4,81.31.201.152
1662227745,10.0.2.4,81.31.201.152
1662227746,10.0.2.4,81.31.201.152
1662227747,10.0.2.4,81.31.201.152
1662227748,10.0.2.4,81.31.201.152
1662227749,10.0.2.4,81.31.201.152
1662227750,10.0.2.4,81.31.201.152
1662227751,10.0.2.4,81.31.201.152
1662227752,10.0.2.4,81.31.201.152
1662227753,10.0.2.4,81.31.201.152
1662227754,10.0.2.4,81.31.201.152
1662227755,10.0.2.4,81.31.201.152
1662227756,10.0.2.4,81.31.201.152
1662227757,10.0.2.4,81.31.201.152
1662227758,10.0.2.4,81.31.201.152
1662227759,10.0.2.4,81.31.201.152
1662227760,10.0.2.4,81.31.201.152
1662227761,10.0.2.4,81.31.201.152
1662227762,10.0.2.4,81.31.201.152
1662227763,10.0.2.4,81.31.201.152
1662227764,10.0.2.4,81.31.201.152
1662227765,10.0.2.4,81.31.201.152
1662227766,10.0.2.4,81.31.201.152
1662227767,10.0.2.4,81.31.201.152
1662227768,10.0.2.4,81.31.201.152
1662227769,10.0.2.4,81.31.201.152
1662227770,10.0.2.4,81.31.201.152
1662227771,10.0.2.4,81.31.201.152
1662227772,10.0.2.4,81.31.201.152
1662227773,10.0.2.4,81.31.201.152
1662227774,10.0.2.4,81.31.201.152
1662227775,10.0.2.4,81.31.201.152
1662227776,10.0.2.4,81.31.201.152
1662227777,10.0.2.4,81.31.201.152
1662227778,10.0.2.4,81.31.201.152
1662227779,10.0.2.4,81.31.201.152
1662227780,10.0.2.4,81.31.201.152
1662227781,10.0.2.4,81.31.201.152
1662227782,10.0.2.4,81.31.201.152
1662227783,10.0.2.4,81.31.201.152
1662227784,10.0.2.4,81.31.201.152
1662227785,10.0.2.4,81.31.201.152
1662227786,10.0.2.4,81.31.201.152
1662227787,10.0.2.4,81.31.201.152
1662227788,10.0.2.4,81.31.201.152
1662227789,10.0.2.4,81.31.201.152
1662227790,10.0.2.4,81.31.201.152
1662227791,10.0.2.4,81.31.201.152
1662227792,10.0.2.4,81.31.201.152
1662227793,10.0.2.4,81.31.201.152
1662227794,10.0.2.4,81.31.201.152
1662227795,10.0.2.4,81.31.201.152
1662227796,10.0.2.4,81.31.201.152
1662227797,10.0.2.4,81.31.201.152
1662227798,10.0.2.4,81.31.201.152
1662227799,10.0.2.4,81.31.201.152
1662227800,10.0.2.4,81.31.201.152
1662227801,10.0.2.4,81.31.201.152
1662227802,10.0.2.4,81.31.201.152
1662227803,10.0.2.4,81.31.201.152
1662227804,10.0.2.4,81.31.201.152
1662227805,10.0.2.4,81.31.201.152
1662227806,10.0.2.4,81.31.201.152
1662227807,10.0.2.4,81.31.201.152
1662227808,10.0.2.4,81.31.201.152
1662227809,10.0.2.4,81.31.201.152
1662227810,10.0.2.4,81.31.201.152
1662227811,10.0.2.4,81.31.201.152
1662227812,10.0.2.4,81.31.201.152
1662227813,10.0.2.4,81.31.201.152
1662227814,10.0.2.4,81.31.201.152
1662227815,10.0.2.4,81.31.201.152
1662227816,10.0.2.4,81.31.201.152
1662227817,10.0.2.4,81.31.201.152
1662227818,10.0.2.4,81.31.201.152
1662227819,10.0.2.4,81.31.201.152
1662227820,10.0.2.4,81.31.201.152
1662227821,10.0.2.4,81.31.201.152
1662227822,10.0.2.4,81.31.201.152
1662227823,10.0.2.4,81.31.201.152
1662227824,10.0.2.4,81.31.201.152
1662227825,10.0.2.4,81.31.201.152
1662227826,10.0.2.4,81.31.201.152
1662227827,10.0.2.4,81.31.201.152
1662227828,10.0.2.4,81.31.201.152
1662227829,10.0.2.4,81.31.201.152
1662227830,10.0.2.4,81.31.201.152
1662227831,10.0.2.4,81.31.201.152
1662227832,10.0.2.4,81.31.201.152
1662227833,10.0.2.4,81.31.201.152
1662227834,10.0.2.4,81.31.201.152
1662227835,10.0.2.4,81.31.201.152
1662227836,10.0.2.4,81.31.201.152
1662227837,10.0.2.4,81.31.201.152
1662227838,10.0.2.4,81.31.201.152
1662227839,10.0.2.4,81.31.201.152
1662227840,10.0.2.4,81.31.201.152
1662227841,10.0.2.4,81.31.201.152
1662227842,10.0.2.4,81.31.201.152
1662227843,10.0.2.4,81.31.201.152
1662227844,10.0.2.4,81.31.201.152
1662227845,10.0.2.4,81.31.201.152
1662227846,10.0.2.4,81.31.201.152
1662227847,10.0.2.4,81.31.201.152
1662227848,10.0.2.4,81.31.201.152
1662227849,10.0.2.4,81.31.201.152
1662227850,10.0.2.4,81.31.201.152
1662227851,10.0.2.4,81.31.201.152
1662227852,10.0.2.4,81.31.201.152
1662227853,10.0.2.4,81.31.201.152
1662227854,10.0.2.4,81.31.201.152
1662227855,10.0.2.4,81.31.201.152
1662227856,10.0.2.4,81.31.201.152
1662227857,10.0.2.4,81.31.201.152
1662227858,10.0.2.4,81.31.201.152
1662227859,10.0.2.4,81.31.201.152
1662227860,10.0.2.4,81.31.201.152
1662227861,10.0.2.4,81.31.201.152
1662227862,10.0.2.4,81.31.201.152
1662227863,10.0.2.4,81.31.201.152
1662227864,10.0.2.4,81.31.201.152
1662227865,10.0.2.4,81.31.201.152
1662227866,10.0.2.4,81.31.201.152
1662227867,10.0.2.4,81.31.201.152
1662227868,10.0.2.4,81.31.201.152
1662227869,10.0.2.4,81.31.201.152
1662227870,10.0.2.4,81.31.201.152
1662227871,10.0.2.4,81.31.201.152
1662227872,10.0.2.4,81.31.201.152
1662227873,10.0.2.4,81.31.201.152
1662227874,10.0.2.4,81.31.201.152
1662227875,10.0.2.4,81.31.201.152
1662227876,10.0.2.4,81.31.201.152
1662227877,10.0.2.4,81.31.201.152
1662227878,10.0.2.4,81.31.201.152
1662227879,10.0.2.4,81.31.201.152
1662227880,10.0.2.4,81.31.201.152
1662227881,10.0.2.4,81.31.201.152
1662227882,10.0.2.4,81.31.201.152
1662227883,10.0.2.4,81.31.201.152
1662227884,10.0.2.4,81.31.201.152
1662227885,10.0.2.4,81.31.201.152
1662227886,10.0.2.4,81.31.201.152
1662227887,10.0.2.4,81.31.201.152
1662227888,10.0.2.4,81.31.201.152
1662227889,10.0.2.4,81.31.201.152
1662227890,10.0.2.4,81.31.201.152
1662227891,10.0.2.4,81.31.201.152
1662227892,10.0.2.4,81.31.201.152
1662227893,10.0.2.4,81.31.201.152
1662227894,10.0.2.4,81.31.201.152
1662227895,10.0.2.4,81.31.201.152
1662227896,10.0.2.4,81.31.201.152
1662227897,10.0.2.4,81.31.201.152
1662227898,10.0.2.4,81.31.201.152
1662227899,10.0.2.4,81.31.201.152
1662227900,10.0.2.4,81.31.201.152
1662227901,10.0.2.4,81.31.201.152
1662227902,10.0.2.4,81.31.201.152
1662227903,10.0.2.4,81.31.201.152
1662227904,10.0.2.4,81.31.201.152
1662227905,10.0.2.4,81.31.201.152
1662227906,10.0.2.4,81.31.201.152
1662227907,10.0.2.4,81.31.201.152
1662227908,10.0.2.4,81.31.201.152
1662227909,10.0.2.4,81.31.201.152
1662227910,10.0.2.4,81.31.201.152
1662227911,10.0.2.4,81.31.201.152
1662227912,10.0.2.4,81.31.201.152
1662227913,10.0.2.4,81.31.201.152
1662227914,10.0.2.4,81.31.201.152
1662227915,10.0.2.4,81.31.201.152
1662227916,10.0.2.4,81.31.201.152
1662227917,10.0.2.4,81.31.201.152
1662227918,10.0.2.4,81.31.201.152
1662227919,10.0.2.4,81.31.201.152
1662227920,10.0.2.4,81.31.201.152
1662227921,10.0.2.4,81.31.201.152
1662227922,10.0.2.4,81.31.201.152
1662227923,10.0.2.4,81.31.201.152
1662227924,10.0.2.4,81.31.201.152
1662227925,10.0.2.4,81.31.201.152
1662227926,10.0.2.4,81.31.201.152
1662227927,10.0.2.4,81.31.201.152
1662227928,10.0.2.4,81.31.201.152
1662227929,10.0.2.4,81.31.201.152
1662227930,10.0.2.4,81.31.201.152
1662227931,10.0.2.4,81.31.201.152
1662227932,10.0.2.4,81.31.201.152
1662227933,10.0.2.4,81.31.201.152
1662227934,10.0.2.4,81.31.201.152
1662227935,10.0.2.4,81.31.201.152
1662227936,10.0.2.4,81.31.201.152
1662227937,10.0.2.4,81.31.201.152
1662227938,10.0.2.4,81.31.201.152
1662227939,10.0.2.4,81.31.201.152
1662227940,10.0.2.4,81.31.201.152
1662227941,10.0.2.4,81.31.201.152
1662227942,10.0.2.4,81.31.201.152
1662227943,10.0.2.4,81.31.201.152
1662227944,10.0.2.4,81.31.201.152
1662227945,10.0.2.4,81.31.201.152
1662227946,10.0.2.4,81.31.201.152
1662227947,10.0.2.4,81.31.201.152
1662227948,10.0.2.4,81.31.201.152
1662227949,10.0.2.4,81.31.201.152
1662227950,10.0.2.4,81.31.201.152
1662227951,10.0.2.4,81.31.201.152
1662227952,10.0.2.4,81.31.201.152
1662227953,10.0.2.4,81.31.201.152
1662227954,10.0.2.4,81.31.201.152
1662227955,10.0.2.4,81.31.201.152
1662227956,10.0.2.4,81.31.201.152
1662227957,10.0.2.4,81.31.201.152
1662227958,10.0.2.4,81.31.201.152
1662227959,10.0.2.4,81.31.201.152
1662227960,10.0.2.4,81.31.201.152
1662227961,10.0.2.4,81.31.201.152
1662227962,10.0.2.4,81.31.201.152
1662227963,10.0.2.4,81.31.201.152
1662227964,10.0.2.4,81.31.201.152
1662227965,10.0.2.4,81.31.201.152
1662227966,10.0.2.4,81.31.201.152
1662227967,10.0.2.4,81.31.201.152
1662227968,10.0.2.4,81.31.201.152
1662227969,10.0.2.4,81.31.201.152
1662227970,10.0.2.4,81.31.201.152
1662227971,10.0.2.4,81.31.201.152
1662227972,10.0.2.4,81.31.201.152
1662227973,10.0.2.4,81.31.201.152
1662227974,10.0.2.4,81.31.201.152
1662227975,10.0.2.4,81.31.201.152
1662227976,10.0.2.4,81.31.201.152
1662227977,10.0.2.4,81.31.201.152
1662227978,10.0.2.4,81.31.201.152
1662227979,10.0.2.4,81.31.201.152
1662227980,10.0.2.4,81.31.201.152
1662227981,10.0.2.4,81.31.201.152
1662227982,10.0.2.4,81.31.201.152
1662227983,10.0.2.4,81.31.201.152
1662227984,10.0.2.4,81.31.201.152
1662227985,10.0.2.4,81.31.201.152
1662227986,10.0.2.4,81.31.201.152
1662227987,10.0.2.4,81.31.201.152
1662227988,10.0.2.4,81.31.201.152
1662227989,10.0.2.4,81.31.201.152
1662227990,10.0.2.4,81.31.201.152
1662227991,10.0.2.4,81.31.201.152
1662227992,10.0.2.4,81.31.201.152
1662227993,10.0.2.4,81.31.201.152
1662227994,10.0.2.4,81.31.201.152
1662227995,10.0.2.4,81.31.201.152
1662227996,10.0.2.4,81.31.201.152
1662227997,10.0.2.4,81.31.201.152
1662227998,10.0.2.4,81.31.201.152
1662227999,10.0.2.4,81.31.201.152
1662228000,10.0.2.4,81.31.201.152
1662228001,10.0.2.4,81.31.201.152
1662228002,10.0.2.4,81.31.201.152
1662228003,10.0.2.4,81.31.201.152
1662228004,10.0.2.4,81.31.201.152
1662228005,10.0.2.4,81.31.201.152
1662228006,10.0.2.4,81.31.201.152
1662228007,10.0.2.4,81.31.201.152
1662228008,10.0.2.4,81.31.201.152
1662228009,10.0.2.4,81.31.201.152
1662228010,10.0.2.4,81.31.201.152
1662228011,10.0.2.4,81.31.201.152
1662228012,10.0.2.4,81.31.201.152
1662228013,10.0.2.4,81.31.201.152
1662228014,10.0.2.4,81.31.201.152
1662228015,10.0.2.4,81.31.201.152
1662228016,10.0.2.4,81.31.201.152
1662228017,10.0.2.4,81.31.201.152
1662228018,10.0.2.4,81.31.201.152
1662228019,10.0.2.4,81.31.201.152
1662228020,10.0.2.4,81.31.201.152
1662228021,10.0.2.4,81.31.201.152
1662228022,10.0.2.4,81.31.201.152
1662228023,10.0.2.4,81.31.201.152
1662228024,10.0.2.4,81.31.201.152
1662228025,10.0.2.4,81.31.201.152
1662228026,10.0.2.4,81.31.201.152
1662228027,10.0.2.4,81.31.201.152
1662228028,10.0.2.4,81.31.201.152
1662228029,10.0.2.4,81.31.201.152
1662228030,10.0.2.4,81.31.201.152
1662228031,10.0.2.4,81.31.201.152
1662228032,10.0.2.4,81.31.201.152
1662228033,10.0.2.4,81.31.201.152
1662228034,10.0.2.4,81.31.201.152
1662228035,10.0.2.4,81.31.201.152
1662228036,10.0.2.4,81.31.201.152
1662228037,10.0.2.4,81.31.201.152
1662228038,10.0.2.4,81.31.201.152
1662228039,10.0.2.4,81.31.201.152
1662228040,10.0.2.4,81.31.201.152
1662228041,10.0.2.4,81.31.201.152
1662228042,10.0.2.4,81.31.201.152
1662228043,10.0.2.4,81.31.201.152
1662228044,10.0.2.4,81.31.201.152
1662228045,10.0.2.4,81.31.201.152
1662228046,10.0.2.4,81.31.201.152
1662228047,10.0.2.4,81.31.201.152
1662228048,10.0.2.4,81.31.201.152
1662228049,10.0.2.4,81.31.201.152
1662228050,10.0.2.4,81.31.201.152
1662228051,10.0.2.4,81.31.201.152
1662228052,10.0.2.4,81.31.201.152
1662228053,10.0.2.4,81.31.201.152
1662228054,10.0.2.4,81.31.201.152
1662228055,10.0.2.4,81.31.201.152
1662228056,10.0.2.4,81.31.201.152
1662228057,10.0.2.4,81.31.201.152
1662228058,10.0.2.4,81.31.201.152
1662228059,10.0.2.4,81.31.201.152
1662228060,10.0.2.4,81.31.201.152
1662228061,10.0.2.4,81.31.201.152
1662228062,10.0.2.4,81.31.201.152
1662228063,10.0.2.4,81.31.201.152
1662228064,10.0.2.4,81.31.201.152
1662228065,10.0.2.4,81.31.201.152
1662228066,10.0.2.4,81.31.201.152
1662228067,10.0.2.4,81.31.201.152
1662228068,10.0.2.4,81.31.201.152
1662228069,10.0.2.4,81.31.201.152
1662228070,10.0.2.4,81.31.201.152
1662228071,10.0.2.4,81.31.201.152
1662228072,10.0.2.4,81.31.201.152
1662228073,10.0.2.4,81.31.201.152
1662228074,10.0.2.4,81.31.201.152
1662228075,10.0.2.4,81.31.201.152
1662228076,10.0.2.4,81.31.201.152
1662228077,10.0.2.4,81.31.201.152
1662228078,10.0.2.4,81.31.201.152
1662228079,10.0.2.4,81.31.201.152
1662228080,10.0.2.4,81.31.201.152
1662228081,10.0.2.4,81.31.201.152
1662228082,10.0.2.4,81.31.201.152
1662228083,10.0.2.4,81.31.201.152
1662228084,10.0.2.4,81.31.201.152
1662228085,10.0.2.4,81.31.201.152
1662228086,10.0.2.4,81.31.201.152
1662228087,10.0.2.4,81.31.201.152
1662228088,10.0.2.4,81.31.201.152
1662228089,10.0.2.4,81.31.201.152
1662228090,10.0.2.4,81.31.201.152
1662228091,10.0.2.4,81.31.201.152
1662228092,10.0.2.4,81.31.201.152
1662228093,10.0.2.4,81.31.201.152
1662228094,10.0.2.4,81.31.201.152
1662228095,10.0.2.4,81.31.201.152
1662228096,10.0.2.4,81.31.201.152
1662228097,10.0.2.4,81.31.201.152
1662228098,10.0.2.4,81.31.201.152
1662228099,10.0.2.4,81.31.201.152
1662228100,10.0.2.4,81.31.201.152
1662228101,10.0.2.4,81.31.201.152
1662228102,10.0.2.4,81.31.201.152
1662228103,10.0.2.4,81.31.201.152
1662228104,10.0.2.4,81.31.201.152
1662228105,10.0.2.4,81.31.201.152
1662228106,10.0.2.4,81.31.201.152
1662228107,10.0.2.4,81.31.201.152
1662228108,10.0.2.4,81.31.201.152
1662228109,10.0.2.4,81.31.201.152
1662228110,10.0.2.4,81.31.201.152
1662228111,10.0.2.4,81.31.201.152
1662228112,10.0.2.4,81.31.201.152
1662228113,10.0.2.4,81.31.201.152
1662228114,10.0.2.4,81.31.201.152
1662228115,10.0.2.4,81.31.201.152
1662228116,10.0.2.4,81.31.201.152
1662228117,10.0.2.4,81.31.201.152
1662228118,10.0.2.4,81.31.201.152
1662228119,10.0.2.4,81.31.201.152
1662228120,10.0.2.4,81.31.201.152
1662228121,10.0.2.4,81.31.201.152
1662228122,10.0.2.4,81.31.201.152
1662228123,10.0.2.4,81.31.201.152
1662228124,10.0.2.4,81.31.201.152
1662228125,10.0.2.4,81.31.201.152
1662228126,10.0.2.4,81.31.201.152
1662228127,10.0.2.4,81.31.201.152
1662228128,10.0.2.4,81.31.201.152
1662228129,10.0.2.4,81.31.201.152
1662228130,10.0.2.4,81.31.201.152
1662228131,10.0.2.4,81.31.201.152
1662228132,10.0.2.4,81.31.201.152
1662228133,10.0.2.4,81.31.201.152
1662228134,10.0.2.4,81.31.201.152
1662228135,10.0.2.4,81.31.201.152
1662228136,10.0.2.4,81.31.201.152
1662228137,10.0.2.4,81.31.201.152
1662228138,10.0.2.4,81.31.201.152
1662228139,10.0.2.4,81.31.201.152
1662228140,10.0.2.4,81.31.201.152
1662228141,10.0.2.4,81.31.201.152
1662228142,10.0.2.4,81.31.201.152
1662228143,10.0.2.4,81.31.201.152
1662228144,10.0.2.4,81.31.201.152
1662228145,10.0.2.4,81.31.201.152
1662228146,10.0.2.4,81.31.201.152
1662228147,10.0.2.4,81.31.201.152
1662228148,10.0.2.4,81.31.201.152
1662228149,10.0.2.4,81.31.201.152
1662228150,10.0.2.4,81.31.201.152
1662228151,10.0.2.4,81.31.201.152
1662228152,10.0.2.4,81.31.201.152
1662228153,10.0.2.4,81.31.201.152
1662228154,10.0.2.4,81.31.201.152
1662228155,10.0.2.4,81.31.201.152
1662228156,10.0.2.4,81.31.201.152
1662228157,10.0.2.4,81.31.201.152
1662228158,10.0.2.4,81.31.201.152
1662228159,10.0.2.4,81.31.201.152
1662228160,10.0.2.4,81.31.201.152
1662228161,10.0.2.4,81.31.201.152
1662228162,10.0.2.4,81.31.201.152
1662228163,10.0.2.4,81.31.201.152
1662228164,10.0.2.4,81.31.201.152
1662228165,10.0.2.4,81.31.201.152
1662228166,10.0.2.4,81.31.201.152
1662228167,10.0.2.4,81.31.201.152
1662228168,10.0.2.4,81.31.201.152
1662228169,10.0.2.4,81.31.201.152
1662228170,10.0.2.4,81.31.201.152
1662228171,10.0.2.4,81.31.201.152
1662228172,10.0.2.4,81.31.201.152
