1662225754,10.0.2.4,216.58.210.142
1662225755,10.0.2.4,216.58.210.142
1662225756,10.0.2.4,216.58.210.142
1662225757,10.0.2.4,216.58.210.142
1662225758,10.0.2.4,216.58.210.142
1662225759,10.0.2.4,216.58.210.142
1662225762,10.0.2.4,216.58.210.142
1662225765,10.0.2.4,216.58.210.142
1662225766,10.0.2.4,216.58.210.142
1662225767,10.0.2.4,216.58.210.142
1662225768,10.0.2.4,216.58.210.142
1662225770,10.0.2.4,216.58.210.142
1662225772,10.0.2.4,216.58.210.142
1662225776,10.0.2.4,216.58.210.142
1662225778,10.0.2.4,216.58.210.142
1662225782,10.0.2.4,216.58.210.142
1662225792,10.0.2.4,216.58.210.142
1662225796,10.0.2.4,216.58.210.142
1662225807,10.0.2.4,216.58.210.142
1662225816,10.0.2.4,216.58.210.142
1662225821,10.0.2.4,216.58.210.142
1662225836,10.0.2.4,216.58.210.142
1662225846,10.0.2.4,216.58.210.142
1662225852,10.0.2.4,216.58.210.142
1662225855,10.0.2.4,216.58.210.142
1662225876,10.0.2.4,216.58.210.142
1662225877,10.0.2.4,216.58.210.142
1662225897,10.0.2.4,216.58.210.142
1662225905,10.0.2.4,216.58.210.142
1662225916,10.0.2.4,216.58.210.142
1662225942,10.0.2.4,216.58.210.142
1662225946,10.0.2.4,216.58.210.142
